{
  "lang":"en",
  "name":"pipeline",
  "version":"0.0.0",
  "spacy_version":">=3.2.4,<3.3.0",
  "description":"",
  "author":"",
  "email":"",
  "url":"",
  "license":"",
  "spacy_git_version":"b50fe5ec6",
  "vectors":{
    "width":0,
    "vectors":0,
    "keys":0,
    "name":null,
    "mode":"default"
  },
  "labels":{
    "tok2vec":[

    ],
    "ner":[
      "ART",
      "CON",
      "LOC",
      "MAT",
      "PER",
      "SPE"
    ]
  },
  "pipeline":[
    "tok2vec",
    "ner"
  ],
  "components":[
    "tok2vec",
    "ner"
  ],
  "disabled":[

  ],
  "performance":{
    "ents_f":0.5168539326,
    "ents_p":0.4921171171,
    "ents_r":0.5442092154,
    "ents_per_type":{
      "PER":{
        "p":0.5078299776,
        "r":0.8021201413,
        "f":0.6219178082
      },
      "CON":{
        "p":0.378238342,
        "r":0.4965986395,
        "f":0.4294117647
      },
      "LOC":{
        "p":0.6805555556,
        "r":0.3402777778,
        "f":0.4537037037
      },
      "ART":{
        "p":0.4936708861,
        "r":0.4642857143,
        "f":0.4785276074
      },
      "MAT":{
        "p":0.6666666667,
        "r":0.1694915254,
        "f":0.2702702703
      },
      "SPE":{
        "p":0.0,
        "r":0.0,
        "f":0.0
      }
    },
    "tok2vec_loss":656.9202783295,
    "ner_loss":680.7997525966
  }
}