{
  "lang":"en",
  "name":"pipeline",
  "version":"0.0.0",
  "spacy_version":">=3.2.4,<3.3.0",
  "description":"",
  "author":"",
  "email":"",
  "url":"",
  "license":"",
  "spacy_git_version":"b50fe5ec6",
  "vectors":{
    "width":0,
    "vectors":0,
    "keys":0,
    "name":null,
    "mode":"default"
  },
  "labels":{
    "tok2vec":[

    ],
    "ner":[
      "ART",
      "CON",
      "LOC",
      "MAT",
      "PER",
      "SPE"
    ]
  },
  "pipeline":[
    "tok2vec",
    "ner"
  ],
  "components":[
    "tok2vec",
    "ner"
  ],
  "disabled":[

  ],
  "performance":{
    "ents_f":0.5629213483,
    "ents_p":0.5127942682,
    "ents_r":0.6239103362,
    "ents_per_type":{
      "LOC":{
        "p":0.6160714286,
        "r":0.4791666667,
        "f":0.5390625
      },
      "PER":{
        "p":0.5010526316,
        "r":0.8409893993,
        "f":0.6279683377
      },
      "CON":{
        "p":0.4463276836,
        "r":0.537414966,
        "f":0.487654321
      },
      "ART":{
        "p":0.5409836066,
        "r":0.5892857143,
        "f":0.5641025641
      },
      "MAT":{
        "p":0.652173913,
        "r":0.2542372881,
        "f":0.3658536585
      },
      "SPE":{
        "p":0.1428571429,
        "r":0.5,
        "f":0.2222222222
      }
    },
    "tok2vec_loss":493.9891562514,
    "ner_loss":1788.6639320074
  }
}